id,title,narration,link,image
1,Database Administrator IV,Integer ac leo. Pellentesque ultrices mattis odio. Donec vitae nisi.,http://clickbank.net,http://dummyimage.com/x.png/dddddd/000000
2,Community Outreach Specialist,"Duis bibendum, felis sed interdum venenatis, turpis enim blandit mi, in porttitor pede justo eu massa. Donec dapibus. Duis at velit eu est congue elementum.",https://reference.com,http://dummyimage.com/x.png/ff4444/ffffff
3,VP Accounting,"Duis bibendum, felis sed interdum venenatis, turpis enim blandit mi, in porttitor pede justo eu massa. Donec dapibus. Duis at velit eu est congue elementum.",http://ibm.com,http://dummyimage.com/x.png/dddddd/000000
4,Accounting Assistant IV,Fusce consequat. Nulla nisl. Nunc nisl.,https://twitter.com,http://dummyimage.com/x.png/5fa2dd/ffffff
5,Systems Administrator III,"Cum sociis natoque penatibus et magnis dis parturient montes, nascetur ridiculus mus. Vivamus vestibulum sagittis sapien. Cum sociis natoque penatibus et magnis dis parturient montes, nascetur ridiculus mus.",https://time.com,http://dummyimage.com/x.png/ff4444/ffffff
6,Recruiter,Aliquam quis turpis eget elit sodales scelerisque. Mauris sit amet eros. Suspendisse accumsan tortor quis turpis.,http://com.com,http://dummyimage.com/x.png/5fa2dd/ffffff
7,Associate Professor,Phasellus in felis. Donec semper sapien a libero. Nam dui.,https://addthis.com,http://dummyimage.com/x.png/dddddd/000000
8,Civil Engineer,"Maecenas leo odio, condimentum id, luctus nec, molestie sed, justo. Pellentesque viverra pede ac diam. Cras pellentesque volutpat dui.",http://epa.gov,http://dummyimage.com/x.png/dddddd/000000
9,Assistant Professor,Aenean lectus. Pellentesque eget nunc. Donec quis orci eget orci vehicula condimentum.,https://cbc.ca,http://dummyimage.com/x.png/dddddd/000000
10,Health Coach IV,Nullam porttitor lacus at turpis. Donec posuere metus vitae ipsum. Aliquam non mauris.,http://wired.com,http://dummyimage.com/x.png/cc0000/ffffff
11,Web Developer I,Nulla ut erat id mauris vulputate elementum. Nullam varius. Nulla facilisi.,https://nhs.uk,http://dummyimage.com/x.png/dddddd/000000
12,General Manager,"In sagittis dui vel nisl. Duis ac nibh. Fusce lacus purus, aliquet at, feugiat non, pretium quis, lectus.",http://t-online.de,http://dummyimage.com/x.png/dddddd/000000
13,Social Worker,In hac habitasse platea dictumst. Etiam faucibus cursus urna. Ut tellus.,https://geocities.com,http://dummyimage.com/x.png/cc0000/ffffff
14,Environmental Specialist,"Proin eu mi. Nulla ac enim. In tempor, turpis nec euismod scelerisque, quam turpis adipiscing lorem, vitae mattis nibh ligula nec sem.",https://alibaba.com,http://dummyimage.com/x.png/dddddd/000000
15,Marketing Assistant,"Morbi non lectus. Aliquam sit amet diam in magna bibendum imperdiet. Nullam orci pede, venenatis non, sodales sed, tincidunt eu, felis.",https://hostgator.com,http://dummyimage.com/x.png/ff4444/ffffff
16,Quality Control Specialist,Phasellus sit amet erat. Nulla tempus. Vivamus in felis eu sapien cursus vestibulum.,http://sitemeter.com,http://dummyimage.com/x.png/5fa2dd/ffffff
17,Office Assistant IV,Suspendisse potenti. In eleifend quam a odio. In hac habitasse platea dictumst.,http://jigsy.com,http://dummyimage.com/x.png/cc0000/ffffff
18,Research Associate,Nullam porttitor lacus at turpis. Donec posuere metus vitae ipsum. Aliquam non mauris.,https://soup.io,http://dummyimage.com/x.png/cc0000/ffffff
19,Geological Engineer,"Curabitur at ipsum ac tellus semper interdum. Mauris ullamcorper purus sit amet nulla. Quisque arcu libero, rutrum ac, lobortis vel, dapibus at, diam.",https://cornell.edu,http://dummyimage.com/x.png/5fa2dd/ffffff
20,Associate Professor,"Quisque id justo sit amet sapien dignissim vestibulum. Vestibulum ante ipsum primis in faucibus orci luctus et ultrices posuere cubilia Curae; Nulla dapibus dolor vel est. Donec odio justo, sollicitudin ut, suscipit a, feugiat et, eros.",https://taobao.com,http://dummyimage.com/x.png/cc0000/ffffff
